<?xml version="1.0" encoding="UTF-8"?>
<project-private xmlns="http://www.netbeans.org/ns/project-private/1">
    <editor-bookmarks xmlns="http://www.netbeans.org/ns/editor-bookmarks/2" lastBookmarkId="0"/>
    <open-files xmlns="http://www.netbeans.org/ns/projectui-open-files/2">
        <group>
            <file>file:/C:/Users/Cesar/Desktop/Login_Page_AgroCultiva-main/src/telas/TelaMenu.java</file>
            <file>file:/C:/Users/Cesar/Desktop/Login_Page_AgroCultiva-main/src/telas/TelaCad3.java</file>
            <file>file:/C:/Users/Cesar/Desktop/Login_Page_AgroCultiva-main/src/telas/Index.java</file>
            <file>file:/C:/Users/Cesar/Desktop/Login_Page_AgroCultiva-main/src/telas/TelaCad2.java</file>
            <file>file:/C:/Users/Cesar/Desktop/Login_Page_AgroCultiva-main/src/telas/TelaCadUseSDI.java</file>
        </group>
    </open-files>
</project-private>
